订单号,产品类别,产品名称,销售数量,单价,客户所在城市,支付方式,订单日期
6039081663,家居用品,抱枕,8,62,合肥,支付宝,2025-06-19
6706070220,家居用品,枕头,3,268,昆明,支付宝,2025-06-01
6227000596,服装,围巾,8,162,北京,微信支付,2025-06-08
6707557512,电子产品,U盘,5,831,天津,支付宝,2025-06-07
5999170184,图书,字典,12,164,南京,支付宝,2025-06-22
6786607411,服装,T恤,13,170,"",银行卡,2025-06-20
6212936598,家居用品,枕头,8,50,武汉,支付宝,2025-06-26
6616314859,电子产品,耳机,12,413,重庆,银行卡,2025/06/03
5953335723,服装,牛仔裤,18,103,青岛,现金,2025-06-13
6379708537,服装,外套,11,417,上海,微信支付,2025-06-01
5868934737,电子产品,键盘,9,-985,福州,银行卡,2025-06-07
6616314859,图书,杂志,15,45,武汉,银行卡,2025-06-15
6720054627,服装,围巾,12,90,厦门,现金,2025-06-01
5995226476,家居用品,餐具套装,5,226,昆明,支付宝,2025-06-06
6626281506,图书,工具书,15,151,北京,支付宝,2025-06-19
6373002724,电子产品,路由器,10,514,北京,银行卡,2025-06-16
6875000495,食品,糖果,4,43,厦门,微信支付,2025-06-07
6128219838,电子产品,鼠标,18,994,厦门,支付宝,2025-06-18
6496119837,图书,字帖,4,88,武汉,支付宝,2025-06-24
6317267796,服装,T恤,3,437,广州,微信支付,2025-06-01
6075718574,图书,传记,6,165,长沙,微信支付,2025-06-24
6231968623,电子产品,键盘,12,579,青岛,支付宝,2025-06-21
6332373262,食品,面包,11,75,武汉,微信支付,2025-06-10
5815442219,家居用品,枕头,8,26,天津,支付宝,2025-06-05
6311111062,电子产品,耳机,7,790,福州,现金,2025-06-28
6321832596,图书,杂志,7,178,长沙,银行卡,2025-06-10
6709628168,图书,漫画,2,175,深圳,支付宝,2025-06-03
6664622621,电子产品,路由器,8,599,青岛,微信支付,2025-06-03
6705983920,食品,坚果,15,14,青岛,支付宝,2025-06-25
5908637612,服装,袜子,3,454,武汉,微信支付,2025-06-18
6672767549,图书,漫画,7,25,成都,现金,2025-06-24
5804628627,图书,小说,15,188,合肥,现金,2025-06-22
6132423659,食品,坚果,7,79,合肥,支付宝,2025-06-16
6473461213,家居用品,枕头,19,281,成都,支付宝,2025-06-29
6890553393,家居用品,蜡烛,3,130,郑州,支付宝,2025-06-11
6328743434,服装,卫衣,2,234,福州,银行卡,2025-06-17
6359990065,食品,饼干,8,21,西安,现金,2025-06-25
6478985349,家居用品,枕头,15,298,深圳,支付宝,2025-06-18
6257745397,服装,帽子,5,471,广州,微信支付,2025-06-25
6593553385,电子产品,鼠标,15,770,西安,支付宝,2025-06-17
6442910965,家居用品,蜡烛,9,64,合肥,微信支付,2025-06-21
6384863340,电子产品,手环,7,258,南京,现金,2025-06-02
6339278776,家居用品,餐具套装,14,32,北京,银行卡,2025-06-07
6080933072,电子产品,鼠标,15,487,合肥,支付宝,2025-06-09
6040247332,家居用品,蜡烛,18,199,福州,微信支付,2025-06-03
6722959947,食品,海苔,10,10,苏州,微信支付,2025-06-07
6335861027,家居用品,地毯,18,218,昆明,微信支付,2025-06-03
6308389542,食品,薯片,14,99,天津,现金,2025-06-09
6332935089,电子产品,鼠标,4,89,大连,微信支付,2025-06-19
6228579384,图书,教材,10,68,武汉,支付宝,2025-06-11
6214743067,图书,教材,9,81,苏州,现金,2025-06-11
6511138924,家居用品,餐具套装,9,145,上海,支付宝,2025-06-07
6733218566,电子产品,充电宝,14,573,深圳,现金,2025-06-08
6208191062,电子产品,智能音箱,14,997,合肥,微信支付,2025-06-28
6582159659,图书,字典,11,179,深圳,银行卡,2025-06-19
6889037295,电子产品,键盘,11,352,合肥,微信支付,2025-06-18
6211973467,图书,杂志,6,87,郑州,支付宝,2025-06-05
6452566491,电子产品,蓝牙耳机,14,671,天津,现金,2025-06-22
6748728242,图书,食谱,17,198,成都,支付宝,2025-06-05
6409426664,服装,卫衣,11,404,武汉,银行卡,2025-06-12
6282412159,食品,薯片,1,65,昆明,支付宝,2025-06-29
6777998770,图书,工具书,7,108,大连,现金,2025-06-19
6323952602,食品,海苔,4,33,成都,现金,2025-06-17
5907843154,服装,外套,4,430,青岛,银行卡,2025-06-20
6750419194,服装,裙子,14,300,青岛,微信支付,2025-06-25
6819355588,图书,小说,8,80,厦门,现金,2025-06-23
6313776588,电子产品,耳机,3,290,南京,银行卡,2025-06-07
6486571058,服装,T恤,5,216,杭州,微信支付,2025-06-01
5937930408,图书,杂志,11,116,上海,微信支付,2025-06-10
6702251343,图书,工具书,1,157,郑州,现金,2025-06-08
5812661730,电子产品,U盘,13,905,长沙,微信支付,2025-06-07
6848464828,食品,坚果,14,54,天津,现金,2025-06-28
6154430857,图书,练习册,20,110,福州,支付宝,2025-06-26
5980275792,图书,练习册,15,76,郑州,银行卡,2025-06-10
6254537006,图书,教材,11,107,南京,现金,2025-06-20
6341748982,家居用品,水杯,1,36,苏州,微信支付,2025-06-12
5947356828,家居用品,枕头,8,20,昆明,微信支付,2025-06-27
6312271361,食品,巧克力,4,32,青岛,银行卡,2025-06-14
6592196355,食品,咖啡,20,96,深圳,微信支付,2025-06-08
6467950995,家居用品,垃圾桶,1,202,郑州,微信支付,2025-06-08
5963201187,服装,外套,4,174,昆明,支付宝,2025-06-17
5888195295,电子产品,摄像头,14,120,厦门,银行卡,2025-06-08
5827170279,图书,漫画,4,102,青岛,微信支付,2025-06-17
6735201525,食品,糖果,9,73,大连,现金,2025-06-27
6735389095,服装,帽子,11,445,广州,银行卡,2025-06-12
6768089926,食品,巧克力,19,53,天津,支付宝,2025-06-07
6861515123,电子产品,鼠标,16,866,南京,银行卡,2025-06-29
6400562020,服装,帽子,18,117,广州,微信支付,2025-06-15
6672797745,图书,传记,8,175,大连,现金,2025-06-03
5837029626,家居用品,抱枕,8,134,西安,银行卡,2025-06-02
6816319161,服装,裙子,12,401,合肥,银行卡,2025-06-04
6555507348,图书,小说,10,40,重庆,银行卡,2025-06-19
6056741854,服装,牛仔裤,7,267,南京,银行卡,2025-06-23
6015878175,食品,坚果,8,43,北京,微信支付,2025-06-13
6389079101,家居用品,枕头,18,74,大连,支付宝,2025-06-02
5826339745,服装,帽子,16,194,成都,支付宝,2025-06-12
6342193200,图书,字典,3,28,福州,支付宝,2025-06-29
6125831273,食品,咖啡,10,36,深圳,现金,2025-06-16
6284659429,服装,围巾,15,172,福州,现金,2025-06-29
6455799074,服装,卫衣,2,398,深圳,微信支付,2025-06-25
6253173162,电子产品,路由器,6,615,广州,微信支付,2025-06-01
5805746077,图书,漫画,20,18,武汉,银行卡,2025-06-21
6407133081,图书,字典,8,170,福州,微信支付,2025-06-20
6712978988,家居用品,毛巾,8,146,杭州,支付宝,2025-06-16
5928071719,食品,坚果,20,77,西安,现金,2025-06-08
6067047441,图书,小说,13,138,合肥,现金,2025-06-19
6740080012,家居用品,垃圾桶,2,175,昆明,银行卡,2025-06-04
5855544440,家居用品,收纳盒,19,20,南京,支付宝,2025-06-13
6176219229,图书,传记,15,56,福州,现金,2025-06-14
6855973119,家居用品,水杯,12,174,深圳,微信支付,2025-06-28
6508247981,图书,漫画,10,112,合肥,支付宝,2025-06-26
6776731208,家居用品,地毯,9,216,厦门,支付宝,2025-06-08
6792086654,图书,字帖,7,169,大连,现金,2025-06-15
5910835454,食品,坚果,18,41,青岛,现金,2025-06-06
6060760539,家居用品,垃圾桶,8,169,合肥,支付宝,2025-06-27
6676153340,家居用品,收纳盒,4,70,杭州,现金,2025-06-26
6426767927,服装,帽子,14,261,武汉,现金,2025-06-09
6110616256,图书,食谱,20,44,广州,银行卡,2025-06-19
6691082067,电子产品,摄像头,9,339,西安,现金,2025-06-18
6119106225,图书,传记,16,151,合肥,现金,2025-06-05
6777845114,电子产品,蓝牙耳机,8,289,长沙,支付宝,2025-06-23
6483278460,图书,杂志,13,176,杭州,现金,2025-06-16
5879499016,食品,糖果,19,17,青岛,支付宝,2025-06-23
6781245579,家居用品,蜡烛,14,89,广州,现金,2025-06-16
6369132088,电子产品,手环,13,922,天津,现金,2025-06-01
6480024649,图书,传记,2,70,西安,微信支付,2025-06-10
5994088142,图书,字典,4,187,西安,支付宝,2025-06-01
5898764851,电子产品,智能音箱,10,491,杭州,微信支付,2025-06-27
6684874385,服装,牛仔裤,6,332,郑州,微信支付,2025-06-26
6868732278,服装,牛仔裤,8,150,青岛,银行卡,2025-06-25
5820180825,图书,小说,18,123,苏州,银行卡,2025-06-09
6711196508,电子产品,耳机,10,443,大连,支付宝,2025-06-02
6309395368,图书,工具书,12,189,西安,支付宝,2025-06-26
6649986366,电子产品,智能音箱,19,846,上海,现金,2025-06-28
6414597261,食品,咖啡,12,29,昆明,银行卡,2025-06-03
6093731171,家居用品,枕头,10,27,福州,银行卡,2025-06-15
6082204711,家居用品,抱枕,11,99,重庆,微信支付,2025-06-03
6585673065,服装,裙子,9,151,大连,银行卡,2025-06-23
6527385470,家居用品,水杯,3,125,郑州,银行卡,2025-06-23
5993923942,图书,字帖,9,126,苏州,银行卡,2025-06-04
6618246018,电子产品,路由器,8,684,合肥,银行卡,2025-06-14
6275382438,家居用品,水杯,10,69,杭州,支付宝,2025-06-16
5879912437,电子产品,耳机,4,958,合肥,微信支付,2025-06-08
6634610560,图书,教材,18,200,杭州,现金,2025-06-26
6012647341,图书,工具书,14,81,上海,银行卡,2025-06-13
6266583095,图书,漫画,8,35,苏州,银行卡,2025-06-07
5930030330,图书,小说,7,126,广州,微信支付,2025-06-16
5845864788,家居用品,地毯,8,299,重庆,支付宝,2025-06-22
6244867064,服装,外套,8,95,昆明,支付宝,2025-06-06
6395443193,食品,薯片,18,27,深圳,支付宝,2025-06-10
6083045280,家居用品,地毯,8,18,成都,银行卡,2025-06-29
5912526041,食品,牛奶,17,13,大连,现金,2025-06-19
6577472776,服装,卫衣,4,133,昆明,支付宝,2025-06-13
6447746204,图书,字帖,2,112,长沙,支付宝,2025-06-16
6852844338,图书,字典,3,47,广州,微信支付,2025-06-04
6390592359,服装,卫衣,18,215,昆明,银行卡,2025-06-07
6774346441,服装,卫衣,14,379,深圳,微信支付,2025-06-10
6723568161,图书,食谱,14,126,郑州,现金,2025-06-18
6004195287,电子产品,键盘,11,433,杭州,现金,2025-06-07
5944167689,家居用品,餐具套装,3,200,杭州,支付宝,2025-06-07
6507909347,家居用品,窗帘,12,226,上海,银行卡,2025-06-03
6470978904,电子产品,路由器,19,208,大连,微信支付,2025-06-19
6032397209,电子产品,摄像头,12,335,福州,微信支付,2025-06-07
6721511878,服装,卫衣,20,305,北京,银行卡,2025-06-27
5862176491,食品,坚果,10,49,北京,微信支付,2025-06-25
6107630232,服装,围巾,3,344,北京,支付宝,2025-06-03
6261994344,图书,杂志,15,104,西安,银行卡,2025-06-07
5982443851,家居用品,蜡烛,6,35,广州,银行卡,2025-06-20
6751577861,图书,漫画,20,79,重庆,支付宝,2025-06-07
6541253059,图书,字典,10,161,大连,银行卡,2025-06-04
5897533044,食品,牛奶,20,31,西安,微信支付,2025-06-28
6094709488,电子产品,U盘,11,559,长沙,微信支付,2025-06-17
6077424190,图书,传记,8,181,苏州,支付宝,2025-06-14
6652703841,家居用品,窗帘,1,49,天津,现金,2025-06-23
6668491524,图书,小说,4,93,成都,现金,2025-06-24
6577072740,家居用品,窗帘,4,215,厦门,支付宝,2025-06-06
6649902501,电子产品,充电宝,8,222,广州,支付宝,2025-06-03
6895113715,食品,饼干,12,87,杭州,微信支付,2025-06-13
6020771045,食品,坚果,7,24,广州,微信支付,2025-06-13
6861108236,图书,工具书,19,154,昆明,银行卡,2025-06-14
6478903113,食品,巧克力,3,85,西安,银行卡,2025-06-22
5920628710,电子产品,摄像头,3,512,上海,支付宝,2025-06-20
6591857962,电子产品,路由器,3,569,郑州,现金,2025-06-29
5888095606,图书,工具书,7,131,厦门,微信支付,2025-06-03
5932872767,图书,字典,11,31,厦门,微信支付,2025-06-12
5884057080,食品,巧克力,15,83,成都,银行卡,2025-06-10
6600693535,电子产品,键盘,14,745,昆明,支付宝,2025-06-25
6518654006,家居用品,地毯,4,207,西安,银行卡,2025-06-08
6122924263,电子产品,路由器,19,988,苏州,银行卡,2025-06-06
6641723362,食品,咖啡,3,53,天津,微信支付,2025-06-14
6000688718,图书,传记,12,89,成都,微信支付,2025-06-13
6533864621,图书,食谱,8,49,广州,银行卡,2025-06-09
6017198133,服装,裙子,17,192,昆明,微信支付,2025-06-08
6608999760,食品,薯片,6,84,成都,现金,2025-06-27
5893828782,图书,教材,8,166,西安,现金,2025-06-13
6302517498,服装,外套,10,421,大连,微信支付,2025-06-25
6589932438,服装,内衣,15,418,郑州,现金,2025-06-16
6148017279,食品,咖啡,5,11,大连,银行卡,2025-06-02
6020309763,服装,T恤,10,102,南京,现金,2025-06-29
6116428823,图书,字典,8,99,北京,现金,2025-06-25
5914368302,图书,传记,12,30,苏州,微信支付,2025-06-29
5860532291,电子产品,路由器,11,190,上海,银行卡,2025-06-27
6814589237,食品,巧克力,15,15,北京,银行卡,2025-06-25
6263115030,食品,糖果,20,19,西安,微信支付,2025-06-05
6446717277,家居用品,枕头,8,244,广州,支付宝,2025-06-15
6873375075,服装,裙子,1,314,武汉,微信支付,2025-06-07
6425501830,图书,字帖,20,156,长沙,微信支付,2025-06-12
5983854567,服装,鞋子,3,298,厦门,支付宝,2025-06-02
6638493006,图书,字帖,13,74,北京,银行卡,2025-06-11
5945083043,电子产品,蓝牙耳机,4,802,天津,微信支付,2025-06-29
5895210161,电子产品,摄像头,11,229,青岛,现金,2025-06-08
6191439009,食品,面包,15,30,上海,微信支付,2025-06-23
5889992327,电子产品,U盘,17,884,合肥,现金,2025-06-14
6343987175,家居用品,收纳盒,10,34,天津,银行卡,2025-06-13
6067308037,电子产品,键盘,13,966,郑州,银行卡,2025-06-28
6201186912,图书,漫画,12,142,南京,支付宝,2025-06-29
6711606086,家居用品,窗帘,20,102,合肥,银行卡,2025-06-17
6489796297,家居用品,餐具套装,11,166,青岛,现金,2025-06-21
6157866913,图书,教材,15,100,昆明,现金,2025-06-05
6389603147,家居用品,餐具套装,13,91,北京,微信支付,2025-06-09
6740968976,家居用品,蜡烛,3,197,苏州,现金,2025-06-29
5869546944,服装,牛仔裤,15,210,青岛,支付宝,2025-06-17
6095697985,服装,鞋子,13,162,武汉,支付宝,2025-06-16
5855648471,食品,巧克力,17,76,深圳,银行卡,2025-06-22
6358968019,图书,食谱,20,135,重庆,支付宝,2025-06-02
6091474554,家居用品,水杯,6,237,广州,银行卡,2025-06-17
6546090129,家居用品,毛巾,18,163,成都,微信支付,2025-06-15
6576298547,服装,外套,4,425,杭州,微信支付,2025-06-25
6860904036,家居用品,地毯,18,249,合肥,微信支付,2025-06-05
5985146340,家居用品,抱枕,13,255,厦门,现金,2025-06-28
6679251796,服装,T恤,5,348,广州,现金,2025-06-03
6800369176,服装,鞋子,5,419,合肥,微信支付,2025-06-06
6077096172,图书,传记,2,142,杭州,银行卡,2025-06-18
6153598392,食品,饼干,8,71,西安,支付宝,2025-06-20
6338170814,食品,糖果,9,43,昆明,支付宝,2025-06-07
6879267614,食品,咖啡,19,89,昆明,银行卡,2025-06-04
5888464090,家居用品,餐具套装,2,145,重庆,现金,2025-06-26
5865038475,图书,传记,10,87,大连,微信支付,2025-06-08
6672077057,电子产品,耳机,3,211,青岛,现金,2025-06-18
6839921385,图书,食谱,11,90,天津,银行卡,2025-06-18
6656237402,食品,饼干,17,45,武汉,现金,2025-06-13
6063113799,电子产品,耳机,8,101,西安,现金,2025-06-17
6697937521,食品,薯片,11,97,天津,微信支付,2025-06-16
6142185230,图书,传记,15,88,大连,支付宝,2025-06-28
5993378947,图书,传记,15,65,福州,银行卡,2025-06-06
5904492551,家居用品,抱枕,16,250,西安,支付宝,2025-06-21
6030848225,图书,练习册,9,113,苏州,支付宝,2025-06-07
6660242491,家居用品,垃圾桶,18,293,西安,支付宝,2025-06-12
6629677779,服装,内衣,18,339,昆明,支付宝,2025-06-20
6076302517,家居用品,窗帘,12,183,合肥,银行卡,2025-06-09
6109811795,食品,咖啡,17,10,上海,支付宝,2025-06-10
6094283364,电子产品,耳机,17,670,厦门,微信支付,2025-06-22
6504301294,服装,鞋子,6,335,西安,银行卡,2025-06-03
6889450635,服装,裙子,16,173,大连,支付宝,2025-06-14
6591042371,电子产品,路由器,14,865,北京,现金,2025-06-29
6370222261,服装,卫衣,8,318,大连,微信支付,2025-06-29
6616452530,食品,矿泉水,2,94,深圳,微信支付,2025-06-03
5840667695,图书,教材,14,186,重庆,现金,2025-06-07
6877649177,服装,内衣,2,285,重庆,银行卡,2025-06-08
6827293866,服装,围巾,11,255,合肥,银行卡,2025-06-28
6560825509,电子产品,手环,16,302,南京,银行卡,2025-06-26
6282898276,电子产品,U盘,7,550,天津,现金,2025-06-26
6549049117,服装,帽子,10,366,合肥,现金,2025-06-11
6647251985,电子产品,鼠标,10,781,广州,银行卡,2025-06-05
6749995462,电子产品,耳机,7,601,南京,银行卡,2025-06-25
6094791432,家居用品,垃圾桶,19,35,厦门,微信支付,2025-06-21
6300012706,家居用品,餐具套装,14,251,深圳,微信支付,2025-06-18
5811127056,服装,牛仔裤,14,470,大连,现金,2025-06-29
6228328432,电子产品,充电宝,10,979,广州,微信支付,2025-06-19
5880097369,食品,牛奶,6,9,郑州,现金,2025-06-01
6200101171,电子产品,智能音箱,1,667,深圳,银行卡,2025-06-24
6411091491,图书,传记,17,44,厦门,现金,2025-06-09
6385913174,食品,面包,11,63,南京,微信支付,2025-06-20
5830245574,电子产品,U盘,19,247,成都,现金,2025-06-28
6718485736,服装,鞋子,3,68,成都,微信支付,2025-06-04
6825324875,电子产品,蓝牙耳机,1,291,青岛,银行卡,2025-06-04
6507864947,电子产品,手环,19,719,苏州,微信支付,2025-06-04
5933410980,家居用品,水杯,10,267,西安,支付宝,2025-06-17
6433588431,电子产品,手环,8,186,大连,微信支付,2025-06-08
6777059248,服装,鞋子,14,487,大连,微信支付,2025-06-18
6331427961,服装,T恤,17,380,苏州,支付宝,2025-06-21
6040966557,家居用品,毛巾,17,284,杭州,微信支付,2025-06-06
6504627248,服装,内衣,4,387,福州,现金,2025-06-19
5995295683,服装,内衣,2,282,长沙,现金,2025-06-08
5923988785,服装,内衣,10,222,南京,支付宝,2025-06-15
6267939497,服装,T恤,2,378,广州,支付宝,2025-06-27
5948217480,图书,字帖,10,44,长沙,银行卡,2025-06-25
6621368728,图书,杂志,13,179,合肥,微信支付,2025-06-03
6546830156,家居用品,蜡烛,18,75,武汉,支付宝,2025-06-13
5848823729,电子产品,耳机,18,438,武汉,微信支付,2025-06-09
6789185249,电子产品,鼠标,9,946,深圳,支付宝,2025-06-01
6700312332,服装,袜子,8,71,昆明,支付宝,2025-06-23
6758724886,服装,袜子,8,225,青岛,微信支付,2025-06-19
6266582067,家居用品,蜡烛,17,129,福州,银行卡,2025-06-08
6488623097,食品,坚果,5,71,武汉,现金,2025-06-22
6445320882,电子产品,智能音箱,18,950,成都,现金,2025-06-16
6864337549,家居用品,地毯,13,173,长沙,现金,2025-06-13
6120442380,电子产品,键盘,6,534,武汉,微信支付,2025-06-01
6445826528,食品,巧克力,2,58,合肥,微信支付,2025-06-03
6634123566,食品,坚果,7,15,青岛,银行卡,2025-06-26
5998564913,服装,外套,2,364,昆明,支付宝,2025-06-27
5956303166,食品,咖啡,18,31,天津,银行卡,2025-06-16
5832928895,食品,矿泉水,4,66,武汉,微信支付,2025-06-25
6651760848,食品,糖果,11,53,青岛,银行卡,2025-06-17
6462331814,电子产品,充电宝,17,527,深圳,现金,2025-06-05
6487695741,食品,饼干,11,77,武汉,微信支付,2025-06-04
5834831972,电子产品,摄像头,19,477,西安,微信支付,2025-06-09
6221318653,电子产品,蓝牙耳机,13,301,大连,银行卡,2025-06-27
6352604996,图书,漫画,15,100,成都,微信支付,2025-06-24
6848651318,食品,糖果,2,14,上海,支付宝,2025-06-25
6685605559,食品,矿泉水,3,6,重庆,现金,2025-06-27
6601442398,家居用品,垃圾桶,20,259,北京,支付宝,2025-06-07
6683342720,家居用品,枕头,17,284,西安,支付宝,2025-06-08
6878500704,图书,练习册,4,144,杭州,微信支付,2025-06-03
6212170953,服装,裙子,9,156,郑州,支付宝,2025-06-23
6601122165,图书,漫画,19,188,武汉,银行卡,2025-06-26
5973123519,家居用品,餐具套装,13,292,大连,支付宝,2025-06-12
5820294081,食品,面包,16,87,天津,支付宝,2025-06-18
5891379208,食品,矿泉水,19,10,广州,银行卡,2025-06-05
5870656047,食品,饼干,1,80,杭州,现金,2025-06-27
5965222006,电子产品,鼠标,19,904,郑州,银行卡,2025-06-26
6624303467,食品,面包,17,49,上海,支付宝,2025-06-29
6738639877,食品,面包,11,83,昆明,现金,2025-06-24
6500888518,家居用品,抱枕,15,192,合肥,现金,2025-06-26
6727386402,食品,咖啡,13,84,西安,微信支付,2025-06-01
5957854402,家居用品,抱枕,5,88,郑州,银行卡,2025-06-22
6574597854,家居用品,餐具套装,1,237,苏州,银行卡,2025-06-10
6019540302,食品,面包,6,76,合肥,现金,2025-06-27
6021819875,家居用品,餐具套装,12,176,郑州,支付宝,2025-06-24
6426737422,图书,杂志,3,153,武汉,微信支付,2025-06-26
6617615800,食品,薯片,9,68,杭州,支付宝,2025-06-24
6159075156,图书,小说,14,29,苏州,银行卡,2025-06-08
6329548129,图书,工具书,20,37,杭州,银行卡,2025-06-23
5814532814,图书,教材,20,94,青岛,银行卡,2025-06-04
6724741287,服装,牛仔裤,10,375,重庆,现金,2025-06-26
6474703459,食品,牛奶,11,93,大连,微信支付,2025-06-25
6499835371,图书,小说,13,154,重庆,微信支付,2025-06-07
5857801892,图书,食谱,15,187,广州,现金,2025-06-24
6872245495,食品,坚果,8,24,长沙,现金,2025-06-14
5958838912,图书,工具书,16,146,厦门,现金,2025-06-09
5878952576,电子产品,摄像头,20,137,深圳,微信支付,2025-06-24
6562375638,食品,咖啡,2,87,郑州,银行卡,2025-06-07
6724396244,家居用品,枕头,4,271,厦门,微信支付,2025-06-01
6757302159,电子产品,键盘,15,652,厦门,微信支付,2025-06-06
6540811821,家居用品,水杯,4,53,深圳,微信支付,2025-06-10
6548030083,电子产品,充电宝,15,583,大连,银行卡,2025-06-26
6822551253,家居用品,水杯,15,163,上海,支付宝,2025-06-29
5848501157,电子产品,路由器,6,808,武汉,微信支付,2025-06-09
6143888816,电子产品,摄像头,14,287,郑州,微信支付,2025-06-19
6200262869,图书,杂志,1,60,青岛,现金,2025-06-12
6635018491,家居用品,收纳盒,7,42,福州,支付宝,2025-06-29
6201493193,电子产品,充电宝,7,318,大连,银行卡,2025-06-16
6634596459,服装,围巾,19,200,青岛,微信支付,2025-06-28
6438757905,服装,卫衣,3,180,深圳,微信支付,2025-06-04
6455798570,家居用品,蜡烛,12,271,郑州,现金,2025-06-29
6096067761,服装,围巾,14,345,合肥,微信支付,2025-06-06
6158340983,图书,小说,5,125,昆明,支付宝,2025-06-28
6571030745,家居用品,水杯,5,206,合肥,现金,2025-06-08
6678609325,图书,杂志,15,31,福州,支付宝,2025-06-04
6273583518,电子产品,智能音箱,9,345,成都,现金,2025-06-13
6863677306,服装,裙子,4,157,合肥,银行卡,2025-06-22
5889357916,图书,传记,7,36,武汉,银行卡,2025-06-10
5869214253,图书,小说,12,32,青岛,支付宝,2025-06-18
6308837784,食品,咖啡,12,83,长沙,微信支付,2025-06-15
6099004807,食品,矿泉水,2,73,南京,微信支付,2025-06-12
6495040832,电子产品,U盘,19,928,厦门,支付宝,2025-06-17
6091174955,图书,字帖,9,42,杭州,微信支付,2025-06-08
6114055405,电子产品,蓝牙耳机,13,641,南京,现金,2025-06-21
6605676442,图书,字典,3,81,苏州,现金,2025-06-01
6848067545,电子产品,手环,1,917,广州,现金,2025-06-27
6569277452,家居用品,毛巾,13,229,重庆,现金,2025-06-16
6376678467,电子产品,U盘,11,183,福州,现金,2025-06-21
6538175212,家居用品,枕头,4,245,北京,支付宝,2025-06-22
6139267021,图书,漫画,1,119,重庆,微信支付,2025-06-20
6448251243,食品,坚果,3,37,广州,银行卡,2025-06-11
6155462412,家居用品,窗帘,10,129,长沙,支付宝,2025-06-03
6004405396,家居用品,收纳盒,16,125,厦门,现金,2025-06-20
5819943569,家居用品,地毯,4,226,杭州,现金,2025-06-10
5952102639,食品,牛奶,3,18,深圳,银行卡,2025-06-10
6589332705,电子产品,鼠标,13,821,杭州,微信支付,2025-06-25
5946912807,服装,卫衣,1,104,青岛,银行卡,2025-06-21
6257533088,食品,牛奶,20,32,广州,支付宝,2025-06-09
6100675920,家居用品,垃圾桶,13,229,天津,微信支付,2025-06-09
6332117198,电子产品,路由器,8,664,昆明,银行卡,2025-06-12
5857604965,电子产品,蓝牙耳机,17,243,郑州,银行卡,2025-06-12
5917186313,食品,巧克力,13,68,昆明,支付宝,2025-06-09
5825913707,电子产品,充电宝,5,909,福州,现金,2025-06-04
6584717291,服装,牛仔裤,16,414,广州,支付宝,2025-06-13
5945025099,家居用品,抱枕,7,40,郑州,银行卡,2025-06-28
6875994457,图书,杂志,13,147,合肥,微信支付,2025-06-20
6395857437,家居用品,抱枕,3,114,杭州,银行卡,2025-06-27
6639089511,服装,T恤,10,393,武汉,支付宝,2025-06-18
6325016285,家居用品,窗帘,4,38,西安,微信支付,2025-06-09
6056501907,家居用品,蜡烛,1,187,厦门,银行卡,2025-06-16
6158550210,电子产品,鼠标,9,170,北京,银行卡,2025-06-01
6721967493,电子产品,摄像头,3,640,广州,现金,2025-06-09
6777529785,服装,鞋子,2,310,成都,银行卡,2025-06-13
6137820608,电子产品,路由器,19,168,武汉,支付宝,2025-06-17
5894570681,家居用品,收纳盒,2,206,杭州,微信支付,2025-06-19
5875942698,服装,围巾,8,233,天津,银行卡,2025-06-14
5967261201,服装,鞋子,4,481,上海,微信支付,2025-06-13
6279286258,服装,袜子,13,258,西安,银行卡,2025-06-07
6502873388,家居用品,毛巾,15,112,西安,银行卡,2025-06-14
6320945166,图书,教材,19,60,合肥,微信支付,2025-06-27
6123338843,家居用品,窗帘,1,187,北京,银行卡,2025-06-24
5803139699,图书,小说,4,70,长沙,现金,2025-06-05
5928623691,食品,坚果,3,34,厦门,现金,2025-06-03
6599920426,图书,字典,19,44,郑州,支付宝,2025-06-15
5933751439,图书,练习册,8,90,郑州,银行卡,2025-06-19
6483023749,图书,小说,8,61,杭州,支付宝,2025-06-10
6133741622,家居用品,蜡烛,15,218,深圳,银行卡,2025-06-24
6245895396,图书,小说,15,40,广州,微信支付,2025-06-22
6453296701,服装,袜子,7,187,杭州,支付宝,2025-06-20
6333045785,电子产品,键盘,17,356,南京,微信支付,2025-06-07
5866748274,图书,漫画,18,73,深圳,现金,2025-06-06
6018844358,食品,面包,1,33,杭州,微信支付,2025-06-01
6660242893,电子产品,路由器,19,989,广州,支付宝,2025-06-08
5938452642,食品,巧克力,5,47,深圳,支付宝,2025-06-14
6789979062,家居用品,蜡烛,19,212,大连,支付宝,2025-06-25
6621905213,图书,练习册,12,57,南京,银行卡,2025-06-03
6757802249,食品,海苔,20,36,西安,现金,2025-06-13
6684746512,服装,内衣,2,216,杭州,现金,2025-06-19
6228332369,服装,外套,18,215,苏州,现金,2025-06-06
6840841277,电子产品,手环,17,326,成都,支付宝,2025-06-21
6484784367,服装,外套,1,418,南京,支付宝,2025-06-15
6812934508,服装,鞋子,19,101,深圳,微信支付,2025-06-08
6317871689,电子产品,摄像头,2,274,福州,现金,2025-06-20
6561937143,食品,薯片,8,99,苏州,支付宝,2025-06-01
6555231660,服装,卫衣,5,116,大连,银行卡,2025-06-22
6177005285,图书,字帖,3,164,武汉,支付宝,2025-06-23
6826473537,家居用品,地毯,20,76,天津,微信支付,2025-06-04
6494901692,家居用品,枕头,5,82,深圳,银行卡,2025-06-13
5955760432,电子产品,键盘,19,359,天津,微信支付,2025-06-06
6138237009,图书,漫画,11,153,昆明,银行卡,2025-06-28
6279398260,服装,牛仔裤,13,372,西安,微信支付,2025-06-16
6181625634,家居用品,垃圾桶,13,300,上海,微信支付,2025-06-02
6483365608,服装,外套,19,274,杭州,银行卡,2025-06-08
5967088484,食品,饼干,11,16,天津,现金,2025-06-25
5824471919,电子产品,蓝牙耳机,8,408,南京,支付宝,2025-06-14
5802751268,家居用品,窗帘,15,95,长沙,现金,2025-06-24
6613279070,电子产品,摄像头,13,540,福州,微信支付,2025-06-20
6149302198,图书,字典,2,91,南京,支付宝,2025-06-29
5959344149,电子产品,鼠标,13,126,合肥,支付宝,2025-06-18
6525743344,服装,卫衣,16,240,成都,现金,2025-06-28
6137377804,家居用品,餐具套装,11,107,长沙,银行卡,2025-06-26
6404566193,电子产品,蓝牙耳机,4,635,合肥,现金,2025-06-18
6129831875,家居用品,地毯,1,160,昆明,现金,2025-06-21
6228798382,家居用品,枕头,7,159,广州,现金,2025-06-15
6048053532,电子产品,键盘,16,726,南京,支付宝,2025-06-25
6632208149,食品,饼干,13,62,上海,银行卡,2025-06-16
6744335360,图书,小说,8,154,上海,微信支付,2025-06-27
6007667305,家居用品,地毯,18,126,合肥,支付宝,2025-06-22
6631304013,服装,围巾,18,499,大连,微信支付,2025-06-14
6822765470,电子产品,路由器,13,781,上海,微信支付,2025-06-08
6058303348,图书,练习册,6,59,杭州,支付宝,2025-06-08
6709190678,家居用品,窗帘,7,85,昆明,银行卡,2025-06-19
6486656795,家居用品,餐具套装,13,292,天津,银行卡,2025-06-23
6783885052,家居用品,垃圾桶,19,224,深圳,现金,2025-06-16
6121354446,食品,咖啡,19,17,深圳,支付宝,2025-06-19
6414379723,服装,鞋子,14,355,大连,现金,2025-06-08
5880456913,食品,坚果,13,82,郑州,支付宝,2025-06-03
6649958441,电子产品,蓝牙耳机,2,992,南京,银行卡,2025-06-09
5843449805,电子产品,U盘,10,553,深圳,微信支付,2025-06-08
6088590705,电子产品,耳机,11,476,昆明,支付宝,2025-06-10
6203588825,图书,食谱,14,142,苏州,支付宝,2025-06-16
6141390733,家居用品,抱枕,17,278,福州,支付宝,2025-06-05
6173098136,食品,矿泉水,2,63,上海,银行卡,2025-06-07
6227584981,电子产品,充电宝,15,700,深圳,支付宝,2025-06-21
6319558109,电子产品,耳机,20,941,大连,银行卡,2025-06-21
6539269113,食品,坚果,3,54,上海,微信支付,2025-06-02
6260245652,食品,矿泉水,7,57,厦门,支付宝,2025-06-12
5819108272,图书,练习册,6,12,武汉,银行卡,2025-06-16
6455969701,电子产品,键盘,13,520,南京,微信支付,2025-06-13
6802226367,电子产品,摄像头,20,154,北京,银行卡,2025-06-06
6407043982,电子产品,路由器,16,333,天津,银行卡,2025-06-13
6360808708,电子产品,蓝牙耳机,5,296,上海,现金,2025-06-27
6486305145,食品,海苔,16,38,长沙,现金,2025-06-17
6633814037,家居用品,垃圾桶,19,185,武汉,现金,2025-06-21
6569866725,服装,帽子,6,468,合肥,微信支付,2025-06-25
6430896461,家居用品,水杯,5,296,成都,银行卡,2025-06-23
5991769911,食品,饼干,8,44,长沙,银行卡,2025-06-12
6598181939,电子产品,手环,10,170,大连,支付宝,2025-06-01
5952934631,图书,食谱,17,184,郑州,银行卡,2025-06-11
6687141079,家居用品,蜡烛,5,185,长沙,现金,2025-06-22
6107571522,电子产品,鼠标,3,696,成都,银行卡,2025-06-25
5924583242,家居用品,水杯,9,96,福州,微信支付,2025-06-28
6851358785,家居用品,蜡烛,20,229,郑州,现金,2025-06-13
6825209284,图书,字帖,2,197,苏州,支付宝,2025-06-22
6491947432,服装,外套,1,340,武汉,微信支付,2025-06-16
6539485504,电子产品,鼠标,4,652,西安,微信支付,2025-06-18
5940202801,家居用品,抱枕,10,276,昆明,银行卡,2025-06-07
6731288987,食品,饼干,16,29,成都,现金,2025-06-07
5841070058,食品,矿泉水,5,7,福州,微信支付,2025-06-13
6064488345,电子产品,智能音箱,13,311,合肥,支付宝,2025-06-01
5902994115,家居用品,枕头,2,223,青岛,现金,2025-06-10
6065418383,服装,帽子,16,125,北京,银行卡,2025-06-20
6703814573,家居用品,毛巾,9,80,长沙,支付宝,2025-06-12
6898619952,服装,T恤,10,74,大连,微信支付,2025-06-05
6228958533,电子产品,摄像头,7,469,西安,微信支付,2025-06-14
5884623116,服装,内衣,7,266,天津,微信支付,2025-06-04
5805879815,家居用品,餐具套装,4,262,杭州,支付宝,2025-06-19
6898878871,家居用品,餐具套装,9,243,西安,银行卡,2025-06-01
6797028042,家居用品,餐具套装,6,158,苏州,银行卡,2025-06-12
6714817739,家居用品,餐具套装,2,80,成都,银行卡,2025-06-17
6567784244,图书,工具书,9,33,苏州,银行卡,2025-06-01
6192709098,家居用品,窗帘,13,149,郑州,现金,2025-06-19
6705679367,食品,面包,5,12,成都,支付宝,2025-06-04
6693412705,服装,内衣,19,112,昆明,现金,2025-06-14
6570085302,服装,袜子,5,269,深圳,现金,2025-06-02
6746370021,家居用品,餐具套装,9,16,厦门,微信支付,2025-06-11
6526495096,服装,裙子,20,358,武汉,现金,2025-06-07
6542491375,图书,练习册,18,166,上海,支付宝,2025-06-10
6136998968,服装,内衣,16,58,大连,银行卡,2025-06-23
6317311242,电子产品,U盘,2,613,郑州,现金,2025-06-11
6304658670,家居用品,水杯,15,239,广州,现金,2025-06-22
6760071485,电子产品,路由器,16,68,深圳,现金,2025-06-25
6685490300,家居用品,毛巾,18,-56,昆明,银行卡,2025-06-08
6891646987,服装,外套,15,206,上海,微信支付,2025-06-03
6775945379,电子产品,摄像头,20,783,苏州,现金,2025-06-01
6044863304,家居用品,收纳盒,1,159,合肥,银行卡,2025-06-16
6028325260,家居用品,蜡烛,16,219,深圳,银行卡,2025-06-29
6220738156,食品,面包,13,29,天津,支付宝,2025-06-11
6690068302,家居用品,垃圾桶,4,240,青岛,微信支付,2025-06-19
6871226354,家居用品,毛巾,2,231,福州,现金,2025-06-23
6891636585,食品,咖啡,6,21,深圳,现金,2025-06-19
6491154220,服装,围巾,14,488,武汉,银行卡,2025-06-22
6654419304,电子产品,U盘,15,191,长沙,银行卡,2025-06-28
6474118291,服装,外套,7,385,西安,银行卡,2025-06-06
6084910366,食品,糖果,18,46,深圳,银行卡,2025-06-01
6831586559,服装,卫衣,14,477,合肥,银行卡,2025-06-05
6707067822,家居用品,毛巾,4,84,上海,支付宝,2025-06-04
6229287173,电子产品,鼠标,10,199,上海,银行卡,2025-06-20
6238088596,服装,袜子,12,72,昆明,微信支付,2025-06-17
6635127748,食品,糖果,10,11,郑州,现金,2025-06-07
6694569178,电子产品,摄像头,2,307,重庆,现金,2025-06-21
6284361707,电子产品,手环,18,251,重庆,银行卡,2025-06-23
6763822708,食品,面包,6,99,厦门,支付宝,2025-06-05
6610027038,家居用品,窗帘,9,76,成都,银行卡,2025-06-18
5812122835,电子产品,耳机,5,1000,天津,支付宝,2025-06-22
6446725050,图书,工具书,18,191,天津,微信支付,2025-06-04
6194855887,服装,T恤,17,298,合肥,现金,2025-06-24
5997451569,电子产品,蓝牙耳机,7,389,苏州,银行卡,2025-06-28
6269107667,服装,裙子,16,441,北京,支付宝,2025-06-04
6543045001,图书,食谱,20,72,上海,银行卡,2025-06-01
6618991438,家居用品,窗帘,9,154,北京,银行卡,2025-06-10
6892501372,图书,漫画,2,176,重庆,银行卡,2025-06-20
5976835498,家居用品,蜡烛,18,43,重庆,微信支付,2025-06-28
6710982861,家居用品,收纳盒,18,232,广州,微信支付,2025-06-12
5851009056,图书,教材,2,23,成都,银行卡,2025-06-21
5951273232,服装,外套,9,250,郑州,现金,2025-06-03
6479472946,家居用品,窗帘,4,42,福州,支付宝,2025-06-21
5955884655,电子产品,摄像头,4,752,西安,支付宝,2025-06-19
6404554100,图书,杂志,13,17,大连,微信支付,2025-06-03
6272158054,食品,牛奶,18,86,杭州,银行卡,2025-06-23
6601291664,家居用品,毛巾,18,31,北京,现金,2025-06-25
5982808535,电子产品,蓝牙耳机,12,977,厦门,微信支付,2025-06-18
6145646858,食品,矿泉水,20,29,深圳,微信支付,2025-06-04
5916797990,服装,内衣,18,363,广州,银行卡,2025-06-29
6010888062,食品,咖啡,16,50,杭州,微信支付,2025-06-23
6014845130,电子产品,手环,3,375,大连,现金,2025-06-11
6505117824,服装,帽子,19,310,苏州,银行卡,2025-06-13
6719783126,食品,海苔,11,33,长沙,银行卡,2025-06-11
6571990313,食品,饼干,16,50,西安,现金,2025-06-15
6033716308,食品,咖啡,3,22,合肥,微信支付,2025-06-10
6365292110,家居用品,餐具套装,1,25,福州,现金,2025-06-25
6256900082,家居用品,毛巾,9,286,大连,微信支付,2025-06-24
6585589533,图书,食谱,19,84,杭州,现金,2025-06-04
6876153823,服装,T恤,13,25,武汉,微信支付,2025-06-28
6101443760,图书,练习册,6,154,杭州,现金,2025-06-19
6570507562,家居用品,收纳盒,16,145,苏州,微信支付,2025-06-25
5891930416,食品,糖果,12,63,上海,支付宝,2025-06-21
6495937423,家居用品,毛巾,9,144,福州,微信支付,2025-06-13
6608870266,图书,教材,19,29,厦门,银行卡,2025-06-22
6608159901,食品,糖果,13,49,大连,现金,2025-06-28
5814168416,服装,牛仔裤,15,59,厦门,银行卡,2025-06-08
6254229520,食品,薯片,6,96,深圳,微信支付,2025-06-24
6690376099,电子产品,路由器,16,540,重庆,微信支付,2025-06-16
6682399330,家居用品,收纳盒,2,92,杭州,支付宝,2025-06-15
6115390401,家居用品,蜡烛,9,274,郑州,支付宝,2025-06-13
6408714166,家居用品,收纳盒,15,251,大连,微信支付,2025-06-22
6271080194,图书,工具书,5,56,昆明,银行卡,2025-06-08
6160179613,电子产品,耳机,20,285,郑州,现金,2025-06-25
6083925685,家居用品,枕头,7,268,长沙,微信支付,2025-06-25
6006799620,食品,巧克力,20,73,厦门,支付宝,2025-06-03
6000123927,图书,练习册,20,10,长沙,现金,2025-06-26
6595379519,家居用品,毛巾,14,256,郑州,银行卡,2025-06-08
6009845465,图书,练习册,9,69,广州,银行卡,2025-06-14
6677562114,电子产品,蓝牙耳机,1,858,北京,支付宝,2025-06-18
5815449112,图书,食谱,11,37,杭州,现金,2025-06-11
6344672142,电子产品,摄像头,14,676,南京,现金,2025-06-01
6237428814,图书,传记,18,104,合肥,现金,2025-06-25
6344983333,电子产品,手环,12,457,杭州,支付宝,2025-06-06
6293430116,图书,练习册,4,112,天津,支付宝,2025-06-07
6145182254,图书,字帖,3,130,昆明,现金,2025-06-24
5989280693,家居用品,抱枕,8,29,郑州,现金,2025-06-10
6415187995,服装,袜子,6,244,北京,微信支付,2025-06-26
6414194311,食品,海苔,20,94,武汉,微信支付,2025-06-21
5877440697,电子产品,蓝牙耳机,1,138,南京,现金,2025-06-09
6558335883,图书,杂志,19,13,广州,支付宝,2025-06-01
6410945746,服装,卫衣,12,437,南京,微信支付,2025-06-28
6217739676,图书,杂志,19,54,长沙,支付宝,2025-06-03
5955447689,服装,帽子,11,431,厦门,银行卡,2025-06-21
6337174759,图书,杂志,19,72,天津,现金,2025-06-15
6789389610,服装,袜子,16,54,郑州,微信支付,2025-06-22
6293771206,电子产品,键盘,12,59,南京,微信支付,2025-06-21
6416949683,家居用品,窗帘,11,101,大连,银行卡,2025-06-19
6559216917,食品,咖啡,9,100,重庆,现金,2025-06-15
6228780637,食品,矿泉水,9,30,武汉,银行卡,2025-06-23
6134997931,家居用品,餐具套装,3,262,昆明,支付宝,2025-06-03
5890759366,图书,教材,20,157,南京,现金,2025-06-07
6192714329,服装,帽子,13,315,杭州,支付宝,2025-06-21
6708763256,图书,传记,2,110,成都,现金,2025-06-09
6058488692,服装,内衣,11,26,重庆,现金,2025-06-17
6016354317,电子产品,充电宝,20,241,合肥,银行卡,2025-06-14
6309252459,电子产品,耳机,20,238,大连,现金,2025-06-16
6252115056,图书,教材,12,81,青岛,微信支付,2025-06-13
6081619209,服装,外套,4,431,武汉,现金,2025-06-22
6617940847,食品,薯片,5,6,成都,现金,2025-06-10
6872878171,食品,糖果,18,67,西安,银行卡,2025-06-21
5902454951,图书,字典,6,75,大连,支付宝,2025-06-08
6766055863,电子产品,U盘,12,620,南京,银行卡,2025-06-08
5842596052,图书,字典,12,165,重庆,微信支付,2025-06-04
6411192595,电子产品,充电宝,17,804,青岛,支付宝,2025-06-06
6618343736,服装,帽子,15,94,成都,银行卡,2025-06-04
6705844003,服装,卫衣,13,56,广州,微信支付,2025-06-16
6537930127,食品,饼干,11,95,南京,现金,2025-06-23
6382500850,图书,教材,19,125,长沙,微信支付,2025-06-06
6194892598,家居用品,蜡烛,8,50,重庆,微信支付,2025-06-07
6652648909,家居用品,餐具套装,3,252,合肥,支付宝,2025-06-15
5856618210,图书,传记,3,168,杭州,支付宝,2025-06-22
6637188354,电子产品,蓝牙耳机,8,503,杭州,微信支付,2025-06-29
6166377865,家居用品,枕头,12,176,大连,现金,2025-06-16
6385005533,服装,内衣,5,377,合肥,微信支付,2025-06-09
6780419533,服装,围巾,17,293,西安,银行卡,2025-06-03
6834339107,服装,外套,3,207,长沙,银行卡,2025-06-06
6134400866,电子产品,智能音箱,1,826,杭州,银行卡,2025-06-07
6415817241,图书,传记,1,135,大连,银行卡,2025-06-06
5819612100,图书,小说,20,11,合肥,银行卡,2025-06-01
6204953092,图书,传记,14,51,郑州,现金,2025-06-16
6273718631,电子产品,路由器,14,579,昆明,银行卡,2025-06-08
6411338881,服装,帽子,14,55,成都,微信支付,2025-06-29
6421901172,家居用品,水杯,20,261,重庆,银行卡,2025-06-17
5841651300,食品,海苔,18,18,西安,银行卡,2025-06-21
6068519645,图书,字帖,8,13,大连,微信支付,2025-06-04
6534252268,图书,小说,16,128,上海,银行卡,2025-06-26
5972277778,食品,海苔,9,14,合肥,现金,2025-06-15
6189991061,食品,坚果,13,20,武汉,现金,2025-06-26
6751251381,食品,海苔,7,17,厦门,微信支付,2025-06-17
6815385134,图书,小说,11,196,上海,支付宝,2025-06-14
6343984967,图书,小说,7,23,重庆,支付宝,2025-06-13
6306732779,图书,教材,1,80,福州,支付宝,2025-06-06
6649991855,食品,海苔,2,93,大连,微信支付,2025-06-02
6597572556,家居用品,收纳盒,6,183,上海,支付宝,2025-06-28
6563468396,食品,糖果,4,34,天津,银行卡,2025-06-14
6742141652,食品,海苔,13,22,南京,支付宝,2025-06-24
6842178398,图书,传记,10,135,重庆,微信支付,2025-06-12
6546604210,电子产品,耳机,9,663,合肥,微信支付,2025-06-03
5947911339,服装,牛仔裤,15,154,合肥,银行卡,2025-06-19
6775127192,家居用品,毛巾,13,19,昆明,银行卡,2025-06-02
6312790231,电子产品,路由器,18,244,厦门,现金,2025-06-05
6130994897,服装,帽子,11,184,深圳,支付宝,2025-06-17
5943193876,家居用品,蜡烛,6,113,深圳,现金,2025-06-09
6211493608,家居用品,枕头,19,208,大连,银行卡,2025-06-29
5905410580,电子产品,蓝牙耳机,20,63,重庆,现金,2025-06-04
5971705934,图书,字帖,12,116,苏州,支付宝,2025-06-23
6370834733,服装,袜子,3,59,重庆,支付宝,2025-06-18
6017379282,食品,糖果,13,72,武汉,微信支付,2025-06-23
6691602131,家居用品,垃圾桶,12,228,深圳,微信支付,2025-06-07
6187398610,服装,围巾,17,100,合肥,现金,2025-06-16
6556610187,电子产品,摄像头,11,472,长沙,银行卡,2025-06-14
6316947756,服装,裙子,7,301,南京,银行卡,2025-06-13
6771529059,图书,杂志,1,82,昆明,支付宝,2025-06-25
6090094341,电子产品,智能音箱,10,269,天津,支付宝,2025-06-29
6392613426,服装,裙子,18,312,杭州,支付宝,2025-06-09
5881038093,图书,教材,5,103,福州,微信支付,2025-06-19
6300351123,电子产品,U盘,3,632,重庆,支付宝,2025-06-18
6497270871,图书,练习册,16,186,福州,支付宝,2025-06-22
6445089605,家居用品,垃圾桶,13,38,天津,银行卡,2025-06-28
6732661596,图书,字典,8,164,北京,现金,2025-06-07
5916238893,电子产品,摄像头,2,628,杭州,银行卡,2025-06-07
6878899234,食品,薯片,2,55,青岛,支付宝,2025-06-20
6276925256,图书,小说,13,96,广州,现金,2025-06-05
5905894771,服装,围巾,9,276,长沙,微信支付,2025-06-06
6089632764,图书,传记,7,176,福州,微信支付,2025-06-03
6328808915,食品,面包,9,46,福州,支付宝,2025-06-01
6041656055,图书,杂志,12,92,苏州,支付宝,2025-06-14
6454593498,食品,饼干,20,61,昆明,微信支付,2025-06-18
6745888000,家居用品,收纳盒,7,89,广州,支付宝,2025-06-09
5917119499,食品,咖啡,5,41,北京,银行卡,2025-06-07
6038967670,电子产品,耳机,16,264,合肥,微信支付,2025-06-21
6237660068,服装,裙子,9,338,杭州,支付宝,2025-06-21
6608756662,服装,裙子,2,50,西安,微信支付,2025-06-14
6382572482,家居用品,水杯,1,148,苏州,支付宝,2025-06-20
5840970393,电子产品,键盘,8,570,深圳,银行卡,2025-06-27
6840804044,服装,裙子,3,276,青岛,支付宝,2025-06-23
5885367635,食品,糖果,10,55,成都,支付宝,2025-06-19
6544704172,电子产品,充电宝,10,563,南京,支付宝,2025-06-20
6353362216,图书,字帖,18,67,杭州,银行卡,2025-06-28
6643631637,食品,面包,13,91,昆明,微信支付,2025-06-13
6696216518,食品,咖啡,5,44,昆明,银行卡,2025-06-16
6764583481,服装,牛仔裤,7,317,合肥,微信支付,2025-06-19
6096588205,电子产品,摄像头,5,980,杭州,微信支付,2025-06-27
6481817923,家居用品,毛巾,18,70,成都,银行卡,2025-06-24
6112507903,家居用品,地毯,14,165,青岛,银行卡,2025-06-03
6126325285,食品,面包,5,83,昆明,银行卡,2025-06-05
6295878336,服装,外套,8,203,广州,现金,2025-06-09
6087948832,服装,卫衣,16,211,成都,现金,2025-06-22
6855371390,图书,练习册,6,18,长沙,支付宝,2025-06-17
6379517148,图书,食谱,7,26,成都,现金,2025-06-09
6852144353,电子产品,耳机,8,844,上海,现金,2025-06-04
6471942247,图书,工具书,19,144,上海,支付宝,2025-06-20
6769824210,图书,字帖,8,111,上海,现金,2025-06-21
5905861168,食品,坚果,15,43,西安,现金,2025-06-28
6157527251,图书,小说,20,186,厦门,微信支付,2025-06-15
6795528217,图书,字典,17,159,合肥,微信支付,2025-06-15
6644104351,图书,教材,15,126,福州,微信支付,2025-06-03
6776424759,家居用品,抱枕,11,93,深圳,支付宝,2025-06-02
6045167329,图书,教材,3,108,厦门,微信支付,2025-06-13
6613206164,服装,围巾,2,487,天津,微信支付,2025-06-10
6148158847,食品,薯片,2,44,青岛,银行卡,2025-06-08
6188041760,家居用品,蜡烛,7,139,北京,现金,2025-06-03
6868647151,图书,传记,1,136,武汉,微信支付,2025-06-28
6821583717,图书,杂志,15,163,北京,微信支付,2025-06-25
6397242980,服装,裙子,7,95,上海,银行卡,2025-06-17
5878857860,食品,海苔,19,43,天津,支付宝,2025-06-28
5905294057,家居用品,窗帘,6,155,昆明,微信支付,2025-06-29
6777830534,服装,鞋子,2,173,天津,银行卡,2025-06-20
6613766059,家居用品,窗帘,18,251,杭州,支付宝,2025-06-08
6389309333,电子产品,摄像头,14,762,重庆,支付宝,2025-06-02
6034724766,服装,裙子,3,372,昆明,银行卡,2025-06-22
6717090629,服装,鞋子,9,339,苏州,微信支付,2025-06-14
6866004275,服装,内衣,16,472,昆明,微信支付,2025-06-19
6423818357,食品,海苔,4,85,深圳,微信支付,2025-06-27
6690415639,图书,字帖,11,173,重庆,支付宝,2025-06-06
6232046095,电子产品,U盘,3,568,合肥,银行卡,2025-06-17
5813166798,家居用品,地毯,11,24,成都,微信支付,2025-06-19
6509775196,电子产品,耳机,16,711,杭州,现金,2025-06-15
6133689517,图书,传记,11,115,上海,银行卡,2025-06-03
6477537189,服装,裙子,1,370,天津,银行卡,2025-06-11
5942191419,食品,坚果,1,53,合肥,微信支付,2025-06-10
6636587203,食品,咖啡,4,44,天津,支付宝,2025-06-20
6383036257,图书,字典,16,105,青岛,银行卡,2025-06-25
6264156855,服装,帽子,6,421,上海,微信支付,2025-06-10
5998865837,图书,传记,1,138,杭州,微信支付,2025-06-21
6530393342,图书,传记,10,46,深圳,微信支付,2025-06-09
6240635958,家居用品,水杯,13,277,深圳,支付宝,2025-06-28
6467827295,家居用品,垃圾桶,3,33,深圳,银行卡,2025-06-24
5848275985,服装,帽子,7,118,西安,银行卡,2025-06-16
6485368954,图书,字典,9,80,深圳,支付宝,2025-06-14
6019849274,食品,糖果,12,39,杭州,银行卡,2025-06-10
6325757844,食品,面包,10,48,合肥,现金,2025-06-10
5908933648,食品,海苔,16,11,深圳,现金,2025-06-29
5915534359,家居用品,窗帘,13,238,昆明,银行卡,2025-06-12
6470961194,电子产品,蓝牙耳机,18,994,青岛,微信支付,2025-06-15
5999535957,图书,字典,15,174,青岛,现金,2025-06-29
6297559533,食品,薯片,20,51,郑州,微信支付,2025-06-20
6509373884,电子产品,耳机,16,536,深圳,银行卡,2025-06-16
6827897521,图书,练习册,10,164,福州,微信支付,2025-06-12
6890813601,家居用品,窗帘,4,46,西安,现金,2025-06-06
6660746827,服装,围巾,8,300,成都,现金,2025-06-11
6624239569,家居用品,地毯,7,230,长沙,银行卡,2025-06-22
6307137547,食品,面包,19,19,福州,现金,2025-06-19
6498744131,服装,T恤,15,227,广州,支付宝,2025-06-23
6613705215,电子产品,耳机,2,886,杭州,支付宝,2025-06-06
6115090302,食品,巧克力,18,83,福州,现金,2025-06-16
6220190866,食品,饼干,10,91,西安,现金,2025-06-27
6539302652,家居用品,垃圾桶,1,271,郑州,微信支付,2025-06-13
6431756759,家居用品,地毯,18,10,合肥,银行卡,2025-06-21
6035575339,电子产品,智能音箱,8,654,郑州,银行卡,2025-06-04
6622034437,图书,杂志,14,179,成都,现金,2025-06-29
6098648118,食品,糖果,13,51,长沙,微信支付,2025-06-18
6419486468,食品,薯片,1,7,杭州,现金,2025-06-07
6737881512,食品,面包,5,58,青岛,现金,2025-06-05
6186111926,图书,传记,14,125,郑州,银行卡,2025-06-16
6284774931,食品,牛奶,20,68,武汉,银行卡,2025-06-17
6682267479,服装,卫衣,12,39,福州,现金,2025-06-03
6591516524,家居用品,垃圾桶,16,50,杭州,银行卡,2025-06-29
6798443163,服装,T恤,17,65,武汉,现金,2025-06-27
5967679635,服装,卫衣,10,482,天津,支付宝,2025-06-14
6806888099,图书,传记,16,94,长沙,银行卡,2025-06-04
6432687218,电子产品,鼠标,2,661,西安,银行卡,2025-06-25
5931893635,图书,工具书,6,178,西安,支付宝,2025-06-15
6415931933,图书,字典,5,81,南京,微信支付,2025-06-21
6403382638,电子产品,U盘,1,668,成都,微信支付,2025-06-15
6759180379,电子产品,鼠标,9,291,大连,微信支付,2025-06-08
5871061368,电子产品,路由器,5,891,杭州,现金,2025-06-25
6686798811,图书,食谱,15,52,重庆,银行卡,2025-06-29
5916663729,电子产品,路由器,2,458,大连,银行卡,2025-06-08
6822773957,服装,外套,13,219,大连,银行卡,2025-06-16
6111706893,服装,围巾,1,428,青岛,现金,2025-06-12
6477936158,服装,袜子,4,346,苏州,现金,2025-06-27
6385383840,电子产品,U盘,9,311,福州,现金,2025-06-15
6790223161,食品,咖啡,7,91,成都,银行卡,2025-06-26
5822716062,家居用品,餐具套装,1,278,深圳,现金,2025-06-26
6554875765,食品,坚果,9,8,昆明,支付宝,2025-06-09
5922152965,服装,外套,20,382,深圳,支付宝,2025-06-23
6078973706,图书,工具书,6,188,成都,银行卡,2025-06-13
6432581286,图书,字典,15,80,长沙,银行卡,2025-06-28
6352626135,食品,面包,9,53,郑州,银行卡,2025-06-15
5928974969,电子产品,U盘,6,553,重庆,现金,2025-06-24
6183201632,图书,字典,5,120,重庆,支付宝,2025-06-09
6748289492,电子产品,路由器,2,635,南京,现金,2025-06-09
5840297076,图书,练习册,1,180,郑州,银行卡,2025-06-18
6125574568,电子产品,键盘,19,774,大连,现金,2025-06-29
6736426706,图书,字典,18,108,大连,支付宝,2025-06-15
6570771239,电子产品,U盘,13,712,广州,银行卡,2025-06-05
6530279290,家居用品,水杯,10,100,合肥,支付宝,2025-06-16
6624985204,食品,坚果,13,85,苏州,现金,2025-06-11
5982240784,图书,食谱,5,16,福州,微信支付,2025-06-17
6850618904,图书,字典,18,137,合肥,现金,2025-06-16
5835258000,家居用品,地毯,2,31,郑州,支付宝,2025-06-14
6254575408,服装,内衣,18,316,武汉,支付宝,2025-06-10
5879194190,食品,巧克力,1,84,上海,微信支付,2025-06-06
6080327655,家居用品,蜡烛,2,59,青岛,微信支付,2025-06-21
5937347925,家居用品,餐具套装,16,122,广州,微信支付,2025-06-17
6715282155,电子产品,键盘,11,750,福州,微信支付,2025-06-07
6490609019,食品,海苔,19,13,深圳,银行卡,2025-06-23
6103303725,图书,练习册,12,122,武汉,支付宝,2025-06-02
6086411785,家居用品,垃圾桶,13,18,大连,支付宝,2025-06-22
5813635619,家居用品,蜡烛,3,155,长沙,现金,2025-06-21
6072499402,食品,薯片,9,57,武汉,微信支付,2025-06-24
5880790938,服装,牛仔裤,16,65,西安,银行卡,2025-06-12
6699335818,家居用品,毛巾,8,281,深圳,银行卡,2025-06-20
6889935474,食品,巧克力,7,29,深圳,微信支付,2025-06-24
6818793812,图书,练习册,6,21,上海,银行卡,2025-06-29
6412171398,食品,牛奶,9,63,上海,支付宝,2025-06-15
5912649633,服装,牛仔裤,6,268,厦门,支付宝,2025-06-02
5952169603,食品,巧克力,19,58,重庆,银行卡,2025-06-15
6294057030,家居用品,地毯,8,221,重庆,现金,2025-06-18
6273869678,家居用品,水杯,19,233,杭州,微信支付,2025-06-26
6777085460,食品,牛奶,12,97,重庆,银行卡,2025-06-26
6379164598,食品,饼干,5,77,上海,银行卡,2025-06-13
6093134741,家居用品,水杯,15,185,武汉,银行卡,2025-06-16
6136699926,服装,牛仔裤,19,457,武汉,支付宝,2025-06-14
6684110731,服装,内衣,7,448,青岛,银行卡,2025-06-21
5831146795,图书,食谱,8,158,武汉,微信支付,2025-06-12
5810904016,图书,字帖,2,197,厦门,支付宝,2025-06-19
6714178735,服装,围巾,16,376,深圳,现金,2025-06-05
6863616535,食品,面包,18,93,长沙,微信支付,2025-06-14
6084996852,电子产品,U盘,8,142,北京,现金,2025-06-29
6454631627,食品,巧克力,19,8,青岛,现金,2025-06-10
6097692586,图书,练习册,12,190,北京,支付宝,2025-06-21
6626521935,电子产品,摄像头,2,820,南京,微信支付,2025-06-19
5973858214,服装,鞋子,2,485,苏州,支付宝,2025-06-25
6038298840,图书,教材,15,103,苏州,微信支付,2025-06-25
5943894105,服装,外套,5,142,合肥,支付宝,2025-06-25
6827556888,服装,外套,8,479,南京,现金,2025-06-12
6395165084,家居用品,餐具套装,12,258,厦门,支付宝,2025-06-10
6809669181,服装,裙子,10,208,广州,微信支付,2025-06-21
6783277194,家居用品,餐具套装,13,157,广州,支付宝,2025-06-23
6153832757,电子产品,路由器,5,945,重庆,支付宝,2025-06-26
6429576587,图书,传记,5,117,青岛,支付宝,2025-06-02
6426027553,食品,面包,1,34,厦门,银行卡,2025-06-02
6684101257,服装,鞋子,11,360,厦门,现金,2025-06-19
6783562737,电子产品,手环,5,363,成都,银行卡,2025-06-27
6287010503,图书,教材,10,22,杭州,银行卡,2025-06-29
6410705760,图书,练习册,20,192,合肥,银行卡,2025-06-22
6191444406,食品,薯片,6,10,天津,微信支付,2025-06-13
6746801150,电子产品,充电宝,6,774,上海,银行卡,2025-06-03
6538405847,食品,饼干,15,25,合肥,银行卡,2025-06-19
6060897837,家居用品,窗帘,16,244,天津,微信支付,2025-06-26
5809221942,服装,裙子,11,171,大连,银行卡,2025-06-13
6115859356,服装,内衣,11,394,大连,支付宝,2025-06-21
6099409246,服装,T恤,10,336,武汉,现金,2025-06-27
6567496805,家居用品,地毯,2,109,福州,微信支付,2025-06-02
6396844050,食品,海苔,3,62,广州,现金,2025-06-24
6217578274,图书,教材,20,24,苏州,现金,2025-06-09
6117711485,图书,教材,13,82,苏州,银行卡,2025-06-11
6461608239,图书,传记,3,123,长沙,现金,2025-06-05
6419836836,食品,牛奶,14,80,昆明,支付宝,2025-06-16
6108463011,食品,坚果,16,72,天津,支付宝,2025-06-17
6606965107,家居用品,枕头,14,149,长沙,微信支付,2025-06-23
6792395070,服装,牛仔裤,7,215,西安,现金,2025-06-05
5890694486,电子产品,手环,10,807,青岛,微信支付,2025-06-03
5857638484,家居用品,蜡烛,9,251,深圳,银行卡,2025-06-26
6695837354,食品,巧克力,8,40,大连,支付宝,2025-06-18
6576872632,服装,内衣,19,152,大连,支付宝,2025-06-07
6601445662,服装,卫衣,1,103,福州,支付宝,2025-06-27
6113827081,电子产品,耳机,5,104,南京,银行卡,2025-06-05
6700899461,电子产品,智能音箱,10,704,广州,微信支付,2025-06-14
6193521004,家居用品,垃圾桶,6,171,西安,银行卡,2025-06-08
6578511534,家居用品,毛巾,19,83,北京,微信支付,2025-06-08
6404340047,电子产品,耳机,14,982,成都,支付宝,2025-06-01
6267885614,食品,糖果,8,76,昆明,支付宝,2025-06-24
6696244265,图书,字典,4,14,大连,银行卡,2025-06-27
6469098924,电子产品,鼠标,15,661,厦门,银行卡,2025-06-20
6169812054,电子产品,智能音箱,4,927,杭州,微信支付,2025-06-05
6460197297,食品,矿泉水,5,59,深圳,支付宝,2025-06-13
5840386452,图书,杂志,2,18,厦门,支付宝,2025-06-11
6807346671,家居用品,抱枕,2,15,深圳,支付宝,2025-06-18
6241095680,服装,外套,6,34,广州,微信支付,2025-06-19
6395659690,服装,鞋子,12,276,昆明,微信支付,2025-06-13
6884284315,服装,T恤,4,410,北京,微信支付,2025-06-08
6211345160,电子产品,鼠标,18,792,深圳,微信支付,2025-06-25
6882751103,图书,教材,19,182,深圳,微信支付,2025-06-06
6561975172,图书,杂志,7,114,深圳,银行卡,2025-06-12
6065462056,图书,字典,17,102,西安,支付宝,2025-06-15
5976626116,电子产品,耳机,4,517,昆明,银行卡,2025-06-07
6753387969,食品,糖果,14,59,重庆,支付宝,2025-06-17
6821508141,电子产品,鼠标,1,553,深圳,现金,2025-06-17
6740723145,服装,T恤,4,225,福州,支付宝,2025-06-29
6162330350,家居用品,地毯,7,216,深圳,微信支付,2025-06-09
6712045334,图书,小说,19,174,郑州,银行卡,2025-06-29
6821829159,服装,围巾,16,95,青岛,支付宝,2025-06-20
6062401153,电子产品,耳机,16,187,北京,支付宝,2025-06-08
5913499705,家居用品,水杯,1,205,昆明,银行卡,2025-06-17
6127999469,电子产品,手环,20,128,厦门,现金,2025-06-20
6800774266,食品,坚果,16,38,合肥,银行卡,2025-06-22
5837946871,家居用品,窗帘,4,171,郑州,现金,2025-06-02
6787104268,家居用品,枕头,6,165,成都,现金,2025-06-18
6724880657,食品,坚果,13,19,福州,现金,2025-06-15
6808927290,图书,传记,6,110,南京,现金,2025-06-27
6611314388,服装,鞋子,10,34,福州,支付宝,2025-06-09
6075303239,电子产品,充电宝,19,962,天津,现金,2025-06-24
6009057643,图书,教材,12,24,武汉,微信支付,2025-06-18
6303847094,电子产品,手环,3,117,西安,支付宝,2025-06-11
6524978150,食品,海苔,18,63,长沙,现金,2025-06-19
6372559698,家居用品,水杯,19,172,郑州,现金,2025-06-19
6492394617,服装,T恤,16,365,重庆,银行卡,2025-06-20
6866722547,服装,鞋子,6,206,长沙,微信支付,2025-06-21
6867195679,家居用品,毛巾,7,34,西安,现金,2025-06-20
6285086439,服装,T恤,19,192,南京,支付宝,2025-06-25
6820631052,图书,食谱,12,176,西安,银行卡,2025-06-19
6729668191,服装,鞋子,7,148,昆明,现金,2025-06-27
6187837364,家居用品,毛巾,6,119,青岛,银行卡,2025-06-19
6731416234,服装,袜子,17,256,杭州,微信支付,2025-06-09
6123137558,电子产品,键盘,14,900,广州,微信支付,2025-06-13
6685704680,电子产品,U盘,6,665,武汉,现金,2025-06-17
6312139262,家居用品,蜡烛,7,168,青岛,现金,2025-06-22
6736588302,图书,字帖,7,44,北京,银行卡,2025-06-03
6396510807,服装,牛仔裤,2,268,北京,支付宝,2025-06-09
5980237321,电子产品,手环,10,972,长沙,银行卡,2025-06-22
5993931284,图书,练习册,8,198,厦门,支付宝,2025-06-06
6340753680,图书,字典,8,90,天津,现金,2025-06-04
6306673161,图书,食谱,5,64,南京,现金,2025-06-16
6676979837,电子产品,手环,2,433,深圳,银行卡,2025-06-29
6710063451,图书,食谱,9,47,苏州,现金,2025-06-16
6589714103,电子产品,智能音箱,20,807,上海,微信支付,2025-06-27
6343276638,服装,围巾,10,378,苏州,支付宝,2025-06-25
6307626255,图书,杂志,1,110,南京,银行卡,2025-06-08
5993811097,食品,坚果,7,25,青岛,银行卡,2025-06-24
6672498589,家居用品,抱枕,3,261,大连,现金,2025-06-14
6514515506,图书,字典,6,139,广州,银行卡,2025-06-24
6703812587,服装,裙子,11,34,上海,微信支付,2025-06-22
6752204921,食品,海苔,13,44,天津,支付宝,2025-06-10
6038001757,食品,矿泉水,17,88,杭州,现金,2025-06-04
6485904413,图书,漫画,5,185,福州,银行卡,2025-06-28
6405155167,食品,面包,14,55,郑州,微信支付,2025-06-05
5844527288,家居用品,毛巾,20,55,青岛,微信支付,2025-06-29
6362175066,食品,海苔,13,81,南京,微信支付,2025-06-25
5991257609,电子产品,鼠标,19,785,厦门,现金,2025-06-22
6774330219,图书,字典,8,58,南京,银行卡,2025-06-29
6861218045,图书,练习册,14,163,重庆,银行卡,2025-06-29
6206654309,图书,练习册,14,17,西安,银行卡,2025-06-24
6305701531,服装,内衣,8,370,青岛,支付宝,2025-06-11
5822162544,图书,练习册,11,111,重庆,现金,2025-06-23
6709010387,服装,帽子,3,50,上海,银行卡,2025-06-01
6304318157,图书,教材,20,163,上海,支付宝,2025-06-16
6344724011,服装,卫衣,13,222,苏州,微信支付,2025-06-14
5888315233,服装,牛仔裤,9,272,天津,现金,2025-06-20
6083295044,家居用品,地毯,17,143,深圳,银行卡,2025-06-20
5894837509,食品,巧克力,9,60,西安,银行卡,2025-06-17
6366415857,服装,鞋子,14,181,大连,微信支付,2025-06-24
6744870465,家居用品,收纳盒,5,103,上海,现金,2025-06-28
6358826718,食品,巧克力,14,68,上海,现金,2025-06-04
6565621110,服装,内衣,15,453,杭州,支付宝,2025-06-07
6550769528,家居用品,收纳盒,10,96,厦门,银行卡,2025-06-01
6256117269,服装,袜子,17,112,长沙,支付宝,2025-06-26
6328619069,图书,字典,11,184,深圳,现金,2025-06-17
6602210356,服装,T恤,11,61,青岛,现金,2025-06-27
6775076789,电子产品,手环,1,94,昆明,现金,2025-06-07
6497750655,服装,牛仔裤,7,430,西安,银行卡,2025-06-02
5919260547,家居用品,毛巾,20,214,南京,微信支付,2025-06-24
6315568145,图书,字典,1,51,郑州,现金,2025-06-27
6411895158,食品,面包,10,60,西安,微信支付,2025-06-09
6571041670,家居用品,地毯,17,238,郑州,现金,2025-06-12
6376555120,服装,卫衣,14,236,苏州,微信支付,2025-06-05
6732235365,图书,字典,2,128,武汉,微信支付,2025-06-28
6863696433,服装,裙子,3,243,广州,现金,2025-06-09
6445089615,食品,薯片,10,71,长沙,银行卡,2025-06-15
5902495680,服装,T恤,2,281,长沙,现金,2025-06-03
6002903617,图书,工具书,9,159,广州,支付宝,2025-06-26
6044674593,图书,练习册,6,21,广州,现金,2025-06-04
6439193169,电子产品,手环,15,510,昆明,银行卡,2025-06-14
6533009996,食品,矿泉水,6,82,南京,支付宝,2025-06-20
6731576084,服装,袜子,1,26,成都,现金,2025-06-22
6788192558,图书,工具书,16,167,苏州,现金,2025-06-28
6449950228,家居用品,蜡烛,5,67,北京,微信支付,2025-06-13
5857585420,食品,巧克力,5,60,合肥,微信支付,2025-06-22
5984884489,电子产品,耳机,5,72,深圳,微信支付,2025-06-05
6127324261,图书,漫画,16,125,福州,微信支付,2025-06-13
6232370966,电子产品,手环,13,58,深圳,现金,2025-06-03
6692678677,图书,工具书,20,84,上海,现金,2025-06-15
6658307069,图书,传记,19,183,大连,微信支付,2025-06-12
5930362318,服装,袜子,14,303,广州,银行卡,2025-06-28
6695795860,图书,字典,16,175,苏州,现金,2025-06-01
6736796806,家居用品,蜡烛,10,250,苏州,现金,2025-06-11
6298437638,服装,外套,19,193,昆明,现金,2025-06-13
6081660873,电子产品,键盘,14,739,苏州,现金,2025-06-28
6147947649,服装,外套,10,64,大连,微信支付,2025-06-25
